地区,时间范围,综合票房,分账票房,人次,场次,综合票房全国占比,分账票房全国占比,排片全国占比,平均票价（含服务费）,平均票价（不含服务费）,场均人次,排片影院,排片影厅
四川省,24年第1周（20240101-20240107）,5226.9万,4762.9万,138.4万,168273,5.30%,5.30%,6.10%,37.74,34.39,8.2,749,0
四川省,24年第2周（20240108-20240114）,3027.8万,2754.7万,82.0万,162882,5.30%,5.40%,6.10%,36.9,33.57,5,742,0
四川省,24年第3周（20240115-20240121）,2979.4万,2695.1万,82.1万,167116,5.80%,5.90%,6.00%,36.28,32.82,4.9,747,0
四川省,24年第4周（20240122-20240128）,2454.4万,2212.9万,67.8万,169013,5.90%,6.00%,6.10%,36.18,32.62,4,748,0
四川省,24年第5周（20240129-20240204）,1957.0万,1750.9万,54.5万,163788,6.20%,6.20%,6.00%,35.88,32.1,3.3,750,0
四川省,24年第6周（20240205-20240211）,1.36亿,1.24亿,296.0万,164428,5.20%,5.30%,6.20%,46.09,42.09,18,774,0
四川省,24年第7周（20240212-20240218）,3.19亿,2.93亿,701.6万,205942,5.30%,5.30%,6.10%,45.51,41.79,34.1,771,0
四川省,24年第8周（20240219-20240225）,1.26亿,1.16亿,299.5万,181934,6.60%,6.70%,6.20%,42.32,38.85,16.5,767,0
四川省,24年第9周（20240226-20240303）,4784.9万,4364.2万,120.1万,159429,6.00%,6.00%,6.00%,39.83,36.33,7.5,765,0
四川省,24年第10周（20240304-20240310）,5041.6万,4577.4万,127.8万,155562,6.10%,6.10%,6.00%,39.42,35.79,8.2,761,4644
四川省,24年第11周（20240311-20240317）,3138.8万,2847.3万,79.0万,151165,5.70%,5.80%,6.00%,39.68,36,5.2,756,4621
四川省,24年第12周（20240318-20240324）,2283.3万,2075.1万,58.8万,152495,5.70%,5.70%,6.00%,38.79,35.26,3.9,755,4605
四川省,24年第13周（20240325-20240331）,3313.8万,3011.7万,82.5万,152839,6.00%,6.00%,6.00%,40.13,36.47,5.4,749,4583
四川省,24年第14周（20240401-20240407）,6982.7万,6305.7万,183.6万,173312,5.90%,6.00%,6.10%,38.03,34.34,10.6,754,4632
四川省,24年第15周（20240408-20240414）,2448.2万,2218.0万,64.4万,164934,5.70%,5.70%,6.00%,37.98,34.41,3.9,746,4569
四川省,24年第16周（20240415-20240421）,1688.0万,1530.5万,44.4万,164491,5.60%,5.70%,6.00%,38.01,34.46,2.7,742,4560
四川省,24年第17周（20240422-20240428）,1178.8万,1069.4万,30.8万,155923,5.20%,5.20%,6.00%,38.18,34.64,2,744,4534
四川省,24年第18周（20240429-20240505）,8716.0万,7946.2万,227.0万,181523,5.20%,5.30%,6.00%,38.39,35,12.5,754,4643
四川省,24年第19周（20240506-20240512）,2808.3万,2568.0万,72.8万,155996,5.80%,5.90%,6.00%,38.53,35.23,4.7,745,4596
四川省,24年第20周（20240513-20240519）,2432.1万,2237.1万,62.1万,166024,6.10%,6.20%,6.00%,39.13,35.99,3.7,749,4624
四川省,24年第21周（20240520-20240526）,2295.1万,2104.0万,58.6万,167161,5.70%,5.80%,6.00%,39.1,35.85,3.5,744,4604
四川省,24年第22周（20240527-20240602）,2699.6万,2473.4万,70.8万,167639,6.40%,6.50%,6.10%,38.08,34.89,4.2,747,4606
四川省,24年第23周（20240603-20240609）,2213.1万,2004.4万,59.2万,168568,5.40%,5.40%,6.10%,37.32,33.81,3.5,750,4628
四川省,24年第24周（20240610-20240616）,2547.5万,2305.9万,68.5万,178254,5.50%,5.50%,6.10%,37.17,33.64,3.8,749,4631
四川省,24年第25周（20240617-20240623）,2603.6万,2367.3万,67.6万,176185,5.30%,5.30%,6.10%,38.5,35.01,3.8,743,4610
四川省,24年第26周（20240624-20240630）,3402.6万,3111.0万,87.1万,171660,5.60%,5.70%,6.10%,39.04,35.7,5.1,743,4616
四川省,24年第27周（20240701-20240707）,4589.4万,4195.2万,114.7万,178562,5.90%,5.90%,6.00%,40,36.57,6.4,745,4631
四川省,24年第28周（20240708-20240714）,6718.7万,6124.5万,172.2万,181805,5.70%,5.70%,6.00%,39.01,35.56,9.5,748,4660
四川省,24年第29周（20240715-20240721）,9753.0万,8909.4万,250.0万,179694,5.50%,5.60%,6.00%,39,35.63,13.9,755,4692
四川省,24年第30周（20240722-20240728）,7548.9万,6882.6万,191.0万,181245,5.70%,5.70%,6.00%,39.51,36.02,10.5,752,4692
四川省,24年第31周（20240729-20240804）,5614.1万,5117.3万,142.0万,174716,5.60%,5.60%,6.00%,39.53,36.03,8.1,751,4679
四川省,24年第32周（20240805-20240811）,6039.1万,5515.4万,149.6万,174684,6.10%,6.10%,6.00%,40.35,36.85,8.6,752,4682
四川省,24年第33周（20240812-20240818）,5503.7万,5001.4万,141.7万,176510,5.80%,5.90%,6.00%,38.82,35.27,8,751,4656
四川省,24年第34周（20240819-20240825）,5624.4万,5099.5万,146.6万,182056,5.70%,5.80%,6.00%,38.35,34.77,8.1,751,4665
四川省,24年第35周（20240826-20240901）,3549.4万,3224.4万,93.8万,178125,5.90%,6.00%,6.00%,37.8,34.34,5.3,747,4614
四川省,24年第36周（20240902-20240908）,2025.3万,1839.4万,53.7万,166943,7.00%,7.00%,6.20%,37.66,34.2,3.2,744,4570
四川省,24年第37周（20240909-20240915）,1714.6万,1568.0万,44.9万,160170,6.10%,6.10%,6.10%,38.15,34.89,2.8,746,4637
四川省,24年第38周（20240916-20240922）,2912.4万,2657.4万,75.7万,171738,5.70%,5.80%,6.00%,38.43,35.06,4.4,754,4605
四川省,24年第39周（20240923-20240929）,1098.1万,1007.3万,28.8万,155613,5.40%,5.40%,6.10%,38.11,34.96,1.9,745,4554
四川省,24年第40周（20240930-20241006）,1.16亿,1.06亿,301.4万,193119,5.70%,5.70%,6.00%,38.7,35.38,15.6,763,4692
四川省,24年第41周（20241007-20241013）,2955.6万,2706.0万,78.1万,163284,5.70%,5.70%,6.00%,37.82,34.63,4.8,754,4627
四川省,24年第42周（20241014-20241020）,2058.0万,1884.0万,55.0万,156688,5.60%,5.60%,6.10%,37.38,34.22,3.5,747,4601
四川省,24年第43周（20241021-20241027）,3513.0万,3205.8万,90.9万,164242,5.60%,5.70%,6.10%,38.64,35.26,5.5,750,4610
四川省,24年第44周（20241028-20241103）,2717.3万,2473.8万,72.1万,165032,5.60%,5.60%,6.10%,37.66,34.28,4.4,745,4592
四川省,24年第45周（20241104-20241110）,2456.5万,2226.9万,66.1万,161576,5.70%,5.70%,6.00%,37.11,33.64,4.1,747,4586
四川省,24年第46周（20241111-20241117）,1725.9万,1563.4万,47.3万,159797,5.10%,5.10%,6.10%,36.44,33.01,3,749,4571
四川省,24年第47周（20241118-20241124）,2229.8万,2022.6万,59.9万,157346,5.30%,5.30%,6.10%,37.18,33.73,3.8,746,4582
四川省,24年第48周（20241125-20241201）,2631.3万,2396.8万,69.0万,159573,5.30%,5.30%,6.10%,38.09,34.69,4.3,749,4610
四川省,24年第49周（20241202-20241208）,2388.2万,2184.5万,64.0万,161115,5.70%,5.80%,6.10%,37.31,34.13,4,745,4566
四川省,24年第50周（20241209-20241215）,1839.3万,1686.3万,49.0万,158005,4.90%,5.00%,6.10%,37.48,34.36,3.1,742,4557
四川省,24年第51周（20241216-20241222）,2057.6万,1873.1万,53.3万,151684,5.50%,5.50%,6.00%,38.53,35.08,3.5,744,4559
四川省,24年第52周（20241223-20241229）,3482.8万,3194.1万,89.9万,156415,5.60%,5.60%,6.00%,38.73,35.52,5.7,747,4603
四川省,24年第53周（20241230-20240105）,0,0,0,0,--,--,--,--,--,--,0,0
四川省,25年第1周（20250106-20250112）,2453.0万,2221.7万,65.6万,166835,5.60%,5.70%,5.90%,37.37,33.84,3.9,746,0
四川省,25年第2周（20250113-20250119）,2177.6万,1970.2万,58.3万,165700,5.90%,6.00%,5.90%,37.31,33.75,3.5,745,0
四川省,25年第3周（20250120-20250126）,1915.8万,1720.0万,51.7万,162132,6.10%,6.10%,5.90%,37.03,33.25,3.2,748,0
四川省,25年第4周（20250127-20250202）,4.19亿,3.78亿,865.5万,176552,5.90%,5.90%,6.00%,48.51,43.77,49,778,0
