排名,省区市,票房（万元）,场次,人次  
1,广东,66369,1191460,15715046  
2,江苏,53085,932755,13234707  
3,浙江,41220,726294,9953797  
4,山东,31501,634978,7940463  
5,四川,30692,615575,7813357  
6,北京,28235,307337,5590150  
7,上海,27952,336004,5620526  
8,河南,23661,549818,6073632  
9,湖北,21568,413555,5519619  
10,安徽,21238,392535,5382702  
11,河北,18549,394862,4632004  
12,湖南,17366,372079,4405621  
13,福建,17329,318949,4288835  
14,辽宁,16936,291382,4264778  
15,陕西,14959,288037,3726415  
16,江西,12606,271353,3280578  
17,重庆,11741,259179,2926045  
18,山西,11000,220851,2763246  
19,广西,9228,218258,2347982  
20,天津,8847,124099,2133127  
21,黑龙江,7959,157581,1983093  
22,云南,7929,178983,1928300  
23,吉林,7250,129360,1809106  
24,内蒙古,6929,146318,1698747  
25,贵州,6279,146421,1579534  
26,甘肃,5147,115153,1285688  
27,海南,3752,82611,938662  
28,新疆,3710,100501,882886  
29,宁夏,2558,48820,627902  
30,青海,1412,27984,317697  
31,西藏,792,17124,176122  